{
    "epoch": [
        0,
        1,
        2,
        3,
        4,
        5,
        6,
        7,
        8,
        9,
        10,
        11,
        12,
        13,
        14,
        15,
        16,
        17,
        18,
        19,
        20,
        21,
        22,
        23,
        24,
        25,
        26,
        27,
        28,
        29,
        30,
        31,
        32,
        33,
        34,
        35,
        36,
        37,
        38,
        39,
        40,
        41,
        42,
        43,
        44,
        45,
        46,
        47,
        48,
        49,
        50,
        51,
        52,
        53,
        54,
        55,
        56,
        57,
        58,
        59,
        60,
        61,
        62,
        63,
        64,
        65,
        66,
        67,
        68,
        69,
        70,
        71,
        72,
        73,
        74,
        75,
        76,
        77,
        78,
        79,
        80,
        81,
        82,
        83,
        84,
        85,
        86,
        87,
        88,
        89,
        90,
        91,
        92,
        93,
        94,
        95,
        96,
        97,
        98,
        99
    ],
    "avg_dice_loss": [
        0.9130548347343315,
        0.6257718687241262,
        0.3150292390750514,
        0.2757154869193489,
        0.2586143721301515,
        0.2488475628159903,
        0.237996805470448,
        0.23007813056518844,
        0.22887631493794905,
        0.22342478645381866,
        0.22073060578785023,
        0.2168391102456951,
        0.21376702993794963,
        0.21076145963939102,
        0.2068295189299741,
        0.20554159703600156,
        0.20314488862384786,
        0.20247821843212432,
        0.1994771749131732,
        0.1950836886574437,
        0.19531031606254634,
        0.1923973607430766,
        0.18905380690047094,
        0.18781365210319068,
        0.1889859403411786,
        0.18498804748759376,
        0.183207311729963,
        0.18319957458728306,
        0.18291872711451324,
        0.18738530697795125,
        0.18767882873107483,
        0.1909041172294347,
        0.18954587707275505,
        0.18580348193794638,
        0.18617390085746338,
        0.18597438032771493,
        0.1808111153811485,
        0.18216696197728258,
        0.17850513621284678,
        0.17721782474069148,
        0.17589289019885543,
        0.17438696817242288,
        0.1740743160691556,
        0.17384899260888287,
        0.17345303982436597,
        0.17290719168575797,
        0.17087692073411173,
        0.17163997733810762,
        0.1693201811986046,
        0.1680534773611569,
        0.16804792462392254,
        0.16694560448626974,
        0.16469448609268283,
        0.16440744650689093,
        0.16455604752583486,
        0.16401313484513066,
        0.16243544798176568,
        0.1612581972189404,
        0.16171902256297158,
        0.15866444741857721,
        0.1596755878300638,
        0.15762423233756492,
        0.15773709781199424,
        0.15719819114402728,
        0.15666406008380432,
        0.15503882650692422,
        0.15472782514355443,
        0.1534670618557566,
        0.15335088449570392,
        0.15426964606452095,
        0.15553531839183202,
        0.15451393062966662,
        0.15557457486892845,
        0.15523250833772742,
        0.15542774978611204,
        0.15459199166773735,
        0.15329745707770548,
        0.15366698295116663,
        0.15227232032918833,
        0.1512004278219856,
        0.1512994392606261,
        0.14991451128086708,
        0.14895091136289132,
        0.14959103969094512,
        0.14924337390858727,
        0.14805042533366172,
        0.1477375663108415,
        0.14735047230394455,
        0.1470636105923741,
        0.1465389590013075,
        0.14618771122367652,
        0.14622892415499664,
        0.1460734266299266,
        0.14587580630773897,
        0.14576456520904052,
        0.1456374914643613,
        0.145470591660988,
        0.14531722519401316,
        0.14520858351637175,
        0.14514013846126106
    ],