{
    "epoch": [
        0,
        1,
        2,
        3,
        4,
        5,
        6,
        7,
        8,
        9,
        10,
        11,
        12,
        13,
        14,
        15,
        16,
        17,
        18,
        19,
        20,
        21,
        22,
        23,
        24,
        25,
        26,
        27,
        28,
        29,
        30,
        31,
        32,
        33,
        34,
        35,
        36,
        37,
        38,
        39,
        40,
        41,
        42,
        43,
        44,
        45,
        46,
        47,
        48,
        49,
        50,
        51,
        52,
        53,
        54,
        55,
        56,
        57,
        58,
        59,
        60,
        61,
        62,
        63,
        64,
        65,
        66,
        67,
        68,
        69,
        70,
        71,
        72,
        73,
        74,
        75,
        76,
        77,
        78,
        79,
        80,
        81,
        82,
        83,
        84,
        85,
        86,
        87,
        88,
        89,
        90,
        91,
        92,
        93,
        94,
        95,
        96,
        97,
        98,
        99
    ],
    "avg_dice_loss": [
        0.3794132591457338,
        0.2618857476864014,
        0.24168978682211092,
        0.2330820594613139,
        0.2268190692002709,
        0.21791777038598084,
        0.2100253018053683,
        0.20568177544020555,
        0.20193418774668043,
        0.19721513134133709,
        0.19365857587055163,
        0.1916651942350485,
        0.18732684870829452,
        0.18376124463043175,
        0.17990667786863115,
        0.17906202586205514,
        0.1761185281627529,
        0.1758865901493692,
        0.17332255090022827,
        0.17488447781111505,
        0.1738293647348463,
        0.17938341424838677,
        0.1740640932330498,
        0.17280863947398192,
        0.16738537665422973,
        0.16346731791654984,
        0.16154422894403622,
        0.1596818214675805,
        0.15757374730225918,
        0.15670985085619343,
        0.15696123759966116,
        0.15681969260310266,
        0.1640588173249343,
        0.16514705076768948,
        0.15984435427982407,
        0.15759115104560736,
        0.15748572999143504,
        0.15823823394061806,
        0.15626561837093728,
        0.15333630815073773,
        0.15186191854385045,
        0.15121701053969255,
        0.14960270063267336,
        0.14964452947492715,
        0.14823065270801206,
        0.14851881627802616,
        0.14809225404912885,
        0.14904814770629815,
        0.14945609925745484,
        0.14863945634754094,
        0.14806279719054877,
        0.14645093393039416,
        0.14546220588522987,
        0.14487871491127424,
        0.14480832888109907,
        0.14349373418080794,
        0.14235795024517658,
        0.14370858415707694,
        0.14222787724093752,
        0.1445998710331258,
        0.14740406598026926,
        0.14660260718953502,
        0.14637866834023813,
        0.14567436855864357,
        0.14428242481685616,
        0.1428160236046479,
        0.14209790957403612,
        0.141875040483427,
        0.14194172872109218,
        0.14167507504438376,
        0.14145176942731524,
        0.14122750818192423,
        0.14075525955215948,
        0.14156249111837094,
        0.14343215525896102,
        0.14152540718470966,
        0.14195311219395101,
        0.1412423291841188,
        0.139613320079592,
        0.13926607104870412,
        0.1390527035366069,
        0.1383960323857593,
        0.13794227462780248,
        0.1375378076438312,
        0.13723655606622812,
        0.13698000871055238,
        0.1369460757012601,
        0.13678954387301798,
        0.1365059128737784,
        0.13633485407651486,
        0.1363307995660169,
        0.1363414603996802,
        0.13626533144855643,
        0.1361692682788656,
        0.1360369764559262,
        0.13595155100743692,
        0.13590217298185742,
        0.13587227953715367,
        0.13584948758463244,
        0.13583934800820546
    ],