{
    "epoch": [
        0,
        1,
        2,
        3,
        4,
        5,
        6,
        7,
        8,
        9,
        10,
        11,
        12,
        13,
        14,
        15,
        16,
        17,
        18,
        19,
        20,
        21,
        22,
        23,
        24,
        25,
        26,
        27,
        28,
        29,
        30,
        31,
        32,
        33,
        34,
        35,
        36,
        37,
        38,
        39,
        40,
        41,
        42,
        43,
        44,
        45,
        46,
        47,
        48,
        49,
        50,
        51,
        52,
        53,
        54,
        55,
        56,
        57,
        58,
        59,
        60,
        61,
        62,
        63,
        64,
        65,
        66,
        67,
        68,
        69,
        70,
        71,
        72,
        73,
        74,
        75,
        76,
        77,
        78,
        79,
        80,
        81,
        82,
        83,
        84,
        85,
        86,
        87,
        88,
        89,
        90,
        91,
        92,
        93,
        94,
        95,
        96,
        97,
        98
    ],
    "avg_dice_loss": [
        0.9206507474452525,
        0.8068146649542991,
        0.5939546129009029,
        0.33242447830893257,
        0.26138923234409756,
        0.2442692502423211,
        0.23048469826981827,
        0.21730525342671125,
        0.21159457547349614,
        0.20804556192936483,
        0.20646589291883302,
        0.2119565176310482,
        0.21010921002776772,
        0.2167156236665743,
        0.210760580937008,
        0.20181770275185654,
        0.2047369178306233,
        0.2012269155339555,
        0.20822879176836712,
        0.206276059963622,
        0.2021462564264332,
        0.19706077925167284,
        0.19688992940627778,
        0.19213246262526965,
        0.18986007792724147,
        0.18924051321841576,
        0.18695164146694215,
        0.1842228213065976,
        0.18284805220466954,
        0.1805343323194229,
        0.17885236855264422,
        0.17793475990896826,
        0.17582962702254992,
        0.17409852536411974,
        0.1693348966919266,
        0.16795212404058502,
        0.16779103870685394,
        0.16472057468659645,
        0.16512838971835594,
        0.162075376799992,
        0.16182143178519545,
        0.16198224664569735,
        0.15903066977246985,
        0.15756875242258575,
        0.15539419363897006,
        0.15469814752703076,
        0.15335815265640482,
        0.15202199702744967,
        0.1511752988333936,
        0.15146521544522112,
        0.14889005903486494,
        0.1487622448989937,
        0.14667676162493,
        0.1448575561349695,
        0.14342445375265422,
        0.14250272513181717,
        0.14278815718772295,
        0.14193282623190778,
        0.13987019252371383,
        0.139405313398208,
        0.13800343599644033,
        0.14277574185047065,
        0.14993056942064603,
        0.15084036988568855,
        0.15459274946599155,
        0.15360084117890838,
        0.15628835628251056,
        0.15025995025882968,
        0.14773997854631585,
        0.15162738129213169,
        0.14990915933827142,
        0.14684760857660611,
        0.146387650071083,
        0.14523221474808376,
        0.14279722567047323,
        0.142848322147483,
        0.1426046309513492,
        0.14261391828278522,
        0.14319985456861653,
        0.1422016480797762,
        0.1415275838431176,
        0.14067443673525964,
        0.1388178986606297,
        0.13705216512248083,
        0.1366146879421698,
        0.1375568850456296,
        0.1365103168530507,
        0.13610261843518331,
        0.13510896663020203,
        0.13473599838900255,
        0.13400307780987508,
        0.13449903197206176,
        0.13473589728037277,
        0.13378368465004264,
        0.134494492592098,
        0.13322108765472998,
        0.13388023480728223,
        0.13339245985369305,
        0.1334767929307214,
        0.1329936801537021
    ],