{
    "epoch": [
        0,
        1,
        2,
        3,
        4,
        5,
        6,
        7,
        8,
        9,
        10,
        11,
        12,
        13,
        14,
        15,
        16,
        17,
        18,
        19,
        20,
        21,
        22,
        23,
        24,
        25,
        26,
        27,
        28,
        29,
        30,
        31,
        32,
        33,
        34,
        35,
        36,
        37,
        38,
        39,
        40,
        41,
        42,
        43,
        44,
        45,
        46,
        47,
        48,
        49,
        50,
        51,
        52,
        53,
        54,
        55,
        56,
        57,
        58,
        59,
        60,
        61,
        62,
        63,
        64,
        65,
        66,
        67,
        68,
        69,
        70,
        71,
        72,
        73,
        74,
        75,
        76,
        77,
        78,
        79,
        80,
        81,
        82,
        83,
        84,
        85,
        86,
        87,
        88,
        89,
        90,
        91,
        92,
        93,
        94,
        95,
        96,
        97,
        98,
        99
    ],
    "avg_dice_loss": [
        0.5535346686213583,
        0.27697254510016533,
        0.25132236773664646,
        0.23272129001321495,
        0.22145134368696967,
        0.20961057341045086,
        0.20281809126889264,
        0.19490861176728486,
        0.18946464567839563,
        0.1867003761776336,
        0.17525319770739242,
        0.1733313305928065,
        0.1649814764852519,
        0.16543357141383058,
        0.1627099999003821,
        0.16113099529668018,
        0.1524070340979684,
        0.15004099476653654,
        0.1498022549249627,
        0.15396789095184585,
        0.14722533404707788,
        0.14282526550917057,
        0.14435233392037666,
        0.15058523065245547,
        0.1487284031537202,
        0.14459679103843323,
        0.14461557417958826,
        0.14909038224347956,
        0.14447779402330713,
        0.13352886966249725,
        0.13281008290934251,
        0.13404964960671523,
        0.18742968960925266,
        0.15669985063321837,
        0.1469187680613231,
        0.15759299647760344,
        0.15237496395756653,
        0.13949171370184338,
        0.13573481284969444,
        0.1676707290657409,
        0.14748821126388478,
        0.15011221335248068,
        0.1398195771200282,
        0.1332933342418036,
        0.1299612302448716,
        0.13189288259328188,
        0.1246550670704684,
        0.1290408885917506,
        0.1244056389086299,
        0.12020900881326234,
        0.11915765383893305,
        0.1196461719525111,
        0.11661148025049223,
        0.13202186961759915,
        0.12469688389782195,
        0.11988711583841073,
        0.1285835649441551,
        0.14120436536597536,
        0.14100959615873265,
        0.13262771272116355,
        0.12824159484352912,
        0.12417459116504714,
        0.13667416794820353,
        0.17321888608736796,
        0.16497312290025307,
        0.16503957052667578,
        0.16811544992574104,
        0.17568507650354365,
        0.16239139698706828,
        0.1527420624464124,
        0.14551090897322894,
        0.1382294545309978,
        0.14787974180998625,
        0.15076131466123555,
        0.14191459968790515,
        0.13716764296885128,
        0.14175085366160065,
        0.13571096439142008,
        0.13659258948282915,
        0.13679310452338453,
        0.13971568729068423,
        0.13726300098098912,
        0.13637686103910535,
        0.14051162762505873,
        0.15107107663655783,
        0.14046618896531868,
        0.13956985041663214,
        0.13522319335330119,
        0.1351976259662821,
        0.129062813077424,
        0.12954585910499752,
        0.12504732145650968,
        0.13350821015713094,
        0.13078637039279556,
        0.12698099665246806,
        0.1260600692971989,
        0.12618516484001377,
        0.12476548844495335,
        0.1240329074601571,
        0.12441629380196542
    ],