{
    "epoch": [
        0,
        1,
        2,
        3,
        4,
        5,
        6,
        7,
        8,
        9,
        10,
        11,
        12,
        13,
        14,
        15,
        16,
        17,
        18,
        19,
        20,
        21,
        22,
        23,
        24,
        25,
        26,
        27,
        28,
        29,
        30,
        31,
        32,
        33,
        34,
        35,
        36,
        37,
        38,
        39,
        40,
        41,
        42,
        43,
        44,
        45,
        46,
        47,
        48,
        49,
        50,
        51,
        52,
        53,
        54,
        55,
        56,
        57,
        58,
        59,
        60,
        61,
        62,
        63,
        64,
        65,
        66,
        67,
        68,
        69,
        70,
        71,
        72,
        73,
        74,
        75,
        76,
        77,
        78,
        79,
        80,
        81,
        82,
        83,
        84,
        85,
        86,
        87,
        88,
        89,
        90,
        91,
        92,
        93,
        94,
        95,
        96,
        97,
        98,
        99
    ],
    "avg_dice_loss": [
        0.48736690881254674,
        0.2906767629437499,
        0.2510715966617262,
        0.23599273855383093,
        0.2256890776622164,
        0.21232865307036344,
        0.2092165349496974,
        0.21472656486688313,
        0.2010029102782826,
        0.19519275595416297,
        0.1919032191117485,
        0.18146227084629768,
        0.18133279210603512,
        0.17998693656694661,
        0.177735625675789,
        0.170727952121495,
        0.17188706845641732,
        0.16394358457954558,
        0.15981944403550527,
        0.16000860781074167,
        0.15892442305375626,
        0.15012196308977013,
        0.14993474172340618,
        0.1483451554531211,
        0.14702685175834596,
        0.14457643466131823,
        0.14336085063708318,
        0.16358857164839963,
        0.14749098822728052,
        0.17843325817966843,
        0.1522285737417959,
        0.15120300489502983,
        0.14814446231833212,
        0.14462902698967908,
        0.15812082192650787,
        0.1656160396528435,
        0.1581669224275125,
        0.1474989066580991,
        0.13636439844772025,
        0.1584662341916406,
        0.14567854544063946,
        0.1611682667142457,
        0.14764440816652788,
        0.15706352652372182,
        0.14914968286876804,
        0.1411500212711257,
        0.1481664423365612,
        0.15164540616331157,
        0.14113349430225752,
        0.17538541116126188,
        0.15801342326152074,
        0.14108820649626497,
        0.13517281480573556,
        0.14477438026958997,
        0.146577258524415,
        0.26747362590110574,
        0.21091237273421493,
        0.18930493935838238,
        0.18843710591067542,
        0.1804578221730284,
        0.17927378122960483,
        0.16537677351239924,
        0.1631176306216328,
        0.1984676519880543,
        0.1650856081937049,
        0.15185027751508537,
        0.14885956610555764,
        0.16063447269024672,
        0.14677670399646262,
        0.13992130385713653,
        0.14714681858325507,
        0.1513316882130978,
        0.14684580794504812,
        0.1506712409752506,
        0.14856900716269458,
        0.1799168823374523,
        0.16113156591867422,
        0.17846163657602962,
        0.16256624121625382,
        0.17622871061524115,
        0.16102259163115476,
        0.1606749035306163,
        0.1522058915566873,
        0.15067325695021613,
        0.15462745442703082,
        0.14572199193147328,
        0.1389265797502763,
        0.13564784437030167,
        0.13778486293745232,
        0.13721537829429895,
        0.14283009041268546,
        0.13966056216019648,
        0.13559014701449476,
        0.13364768373193564,
        0.13290291891113534,
        0.1360521799809224,
        0.1364374831244275,
        0.13926578513733498,
        0.1342046840696244,
        0.13744993656649962
    ],